Nama Restoran,Lokasi Restoran,Harga Rata-Rata Makanan di Toko (Rp),Rating Toko,Variasi Makanan
Gudeg Mercon Bu Tinah,"Jalan Asem Gede Nomor 8, Jetis",20000,4.2,Nasi Gudeg Krecek Telur
Gudeg Mercon Bu Tinah,"Jalan Asem Gede Nomor 8, Jetis",20000,4.2,Nasi Gudeg Krecek Ceker
Gudeg Mercon Bu Tinah,"Jalan Asem Gede Nomor 8, Jetis",20000,4.2,Nasi Gudeg Krecek Ati Ampela
Gudeg Mercon Bu Tinah,"Jalan Asem Gede Nomor 8, Jetis",20000,4.2,Nasi Gudeg Krecek Ayam Dada
Gudeg Mercon Bu Tinah,"Jalan Asem Gede Nomor 8, Jetis",20000,4.2,Nasi Gudeg Krecek Ayam Paha
Gudeg Mercon Bu Tinah,"Jalan Asem Gede Nomor 8, Jetis",20000,4.2,Nasi Gudeg Krecek Tahu Tempe Bacem
Gudeg Mbok Lindu,Jalan Sosrowijayan Nomor 41-43,20000,4.6,Nasi Gudeg Telur
Gudeg Mbok Lindu,Jalan Sosrowijayan Nomor 41-43,20000,4.6,Bubur Gudeg Telur
Gudeg Mbok Lindu,Jalan Sosrowijayan Nomor 41-43,20000,4.6,Gudeg Telur dan Suwir
Gudeg Permata Bu Narti,Jalan Gajah Mada Nomor 2,14000,4.5,Nasi Gudeg Telur
Gudeg Permata Bu Narti,Jalan Gajah Mada Nomor 2,14000,4.5,Nasi Gudeg Ati Ampela
Gudeg Permata Bu Narti,Jalan Gajah Mada Nomor 2,14000,4.5,Nasi Gudeg Dada + Telur
Gudeg Permata Bu Narti,Jalan Gajah Mada Nomor 2,14000,4.5,Nasi Gudeg Paha Bawah
Gudeg Permata Bu Narti,Jalan Gajah Mada Nomor 2,14000,4.5,Nasi Gudeg Sayap
Gudeg Permata Bu Narti,Jalan Gajah Mada Nomor 2,14000,4.5,Nasi Gudeg Kepala
Gudeg Permata Bu Narti,Jalan Gajah Mada Nomor 2,14000,4.5,Nasi Gudeg Tahu Tempe
Gudeg Permata Bu Narti,Jalan Gajah Mada Nomor 2,14000,4.5,Nasi Gudeg Paha Atas
Gudeg Bu Djuminten,Jalan Asam Gede Nomor 14,25000,4.5,Nasi Gudeg Polos
Gudeg Bu Djuminten,Jalan Asam Gede Nomor 14,25000,4.5,Nasi Gudeg + Tahu
Gudeg Bu Djuminten,Jalan Asam Gede Nomor 14,25000,4.5,Nasi Gudeg + Telur
Gudeg Bu Djuminten,Jalan Asam Gede Nomor 14,25000,4.5,Nasi Gudeg + Telur + Tahu
Gudeg Bu Djuminten,Jalan Asam Gede Nomor 14,25000,4.5,Nasi Gudeg + Kepala
Gudeg Bu Djuminten,Jalan Asam Gede Nomor 14,25000,4.5,Nasi Gudeg + Kepala + Telur
Gudeg Bu Djuminten,Jalan Asam Gede Nomor 14,25000,4.5,Nasi Putih
Gudeg Bu Djuminten,Jalan Asam Gede Nomor 14,25000,4.5,Nasi Gudeg + Ati Ampela
Gudeg Bu Djuminten,Jalan Asam Gede Nomor 14,25000,4.5,Es Teh Manis
Gudeg Bu Djuminten,Jalan Asam Gede Nomor 14,25000,4.5,Teh Manis
Gudeg Bu Djuminten,Jalan Asam Gede Nomor 14,25000,4.5,Es Teh Tawar
Gudeg Bu Djuminten,Jalan Asam Gede Nomor 14,25000,4.5,Teh Tawar
Gudeg Pawon,Jl. Prof. DR. Soepomo Sh UH/IV Nomor 36,25000,4.5,Nasi Gudeg Sayap
Gudeg Pawon,Jl. Prof. DR. Soepomo Sh UH/IV Nomor 36,25000,4.5,Nasi Gudeg Paha Atas
Gudeg Pawon,Jl. Prof. DR. Soepomo Sh UH/IV Nomor 36,25000,4.5,Nasi Gudeg Dada
Gudeg Pawon,Jl. Prof. DR. Soepomo Sh UH/IV Nomor 36,25000,4.5,Nasi Gudeg Paha Bawah
Gudeg Pawon,Jl. Prof. DR. Soepomo Sh UH/IV Nomor 36,25000,4.5,Nasi Gudeg Kepala
Gudeg Pawon,Jl. Prof. DR. Soepomo Sh UH/IV Nomor 36,25000,4.5,Nasi Gudeg Ati Ampela
Gudeg Pawon,Jl. Prof. DR. Soepomo Sh UH/IV Nomor 36,25000,4.5,Nasi Gudeg Telur 
Bakpia Pathok 25,Jalan Karel Sasuit Tubun Nomor 504,42500,4.6,Bakpia Pathok 25 Original Cokelat
Bakpia Pathok 25,Jalan Karel Sasuit Tubun Nomor 504,42500,4.6,Bakpia Pathok 25 Original Nanas
Bakpia Pathok 25,Jalan Karel Sasuit Tubun Nomor 504,42500,4.6,Bakpia Pathok 25 Original Kacang Hijau
Bakpia Pathok 25,Jalan Karel Sasuit Tubun Nomor 504,42500,4.6,Bakpia Pathok 25 Original Aneka Rasa
Bakpia Pathok 25,Jalan Karel Sasuit Tubun Nomor 504,42500,4.6,Bakpia Pathok 25 Original Keju
Bakpia Pathok 25,Jalan Karel Sasuit Tubun Nomor 504,42500,4.6,Bakpia Pathok 25 Premium Kacang Hijau
Bakpia Pathok 25,Jalan Karel Sasuit Tubun Nomor 504,42500,4.6,Bakpia Pathok 25 Premium Susu
Bakpia Pathok 25,Jalan Karel Sasuit Tubun Nomor 504,42500,4.6,Bakpia Pathok 25 Premium Cokelat
Bakpia Pathok 25,Jalan Karel Sasuit Tubun Nomor 504,42500,4.6,Bakpia Pathok 25 Premium Telo Ungu
Bakpia Pathok 25,Jalan Karel Sasuit Tubun Nomor 504,42500,4.6,Bakpia Pathok 25 Premium Kumbu
Bakpia Pathok 25,Jalan Karel Sasuit Tubun Nomor 504,42500,4.6,Bakpia Pathok 25 Premium Nanas
Bakpia Pathok 25,Jalan Karel Sasuit Tubun Nomor 504,42500,4.6,Bakpia Pathok 25 Premium Cappuccino
Bakpia Pathok 25,Jalan Karel Sasuit Tubun Nomor 504,42500,4.6,Bakpia Pathok 25 Premium Keju
Bakpia Pathok 25,Jalan Karel Sasuit Tubun Nomor 504,42500,4.6,Bakpia Pathok 25 Premium Durian
Bakpia Pathok 25,Jalan Karel Sasuit Tubun Nomor 504,42500,4.6,Bakpia Pathok 25 Premium Green Tea
Bakpia Kurnia Sari,Jalan Glagahsari Nomor 91,35000,4.4,Bakpia Bolen 5 Potong
Bakpia Kurnia Sari,Jalan Glagahsari Nomor 91,35000,4.4,Bakpia Isi 40
Bakpia Kurnia Sari,Jalan Glagahsari Nomor 91,35000,4.4,Bakpia Keju isi 15
Bakpia Kurnia Sari,Jalan Glagahsari Nomor 91,35000,4.4,Bakpia Kacang hijau isi 15
Bakpia Kurnia Sari,Jalan Glagahsari Nomor 91,35000,4.4,Bakpia Kumbu Hitam Isi 15
Bakpia Kurnia Sari,Jalan Glagahsari Nomor 91,35000,4.4,Bakpia Coklat Isi 15
Bakpia Kurnia Sari,Jalan Glagahsari Nomor 91,35000,4.4,Bakpia Susu Isi 15
Bakpia Kurnia Sari,Jalan Glagahsari Nomor 91,35000,4.4,Bakpia Greentea Isi 15
Bakpia Kurnia Sari,Jalan Glagahsari Nomor 91,35000,4.4,Bakpia Kopi isi 15
Bakpia Kurnia Sari,Jalan Glagahsari Nomor 91,35000,4.4,Bakpia Ubi Ungu Isi 15
Bakpia Kurnia Sari,Jalan Glagahsari Nomor 91,35000,4.4,Bakpia Tiramisu Isi 15
Bakpia Kurnia Sari,Jalan Glagahsari Nomor 91,35000,4.4,Bakpia Susu Durian Isi 15
Bakpia Kurnia Sari,Jalan Glagahsari Nomor 91,35000,4.4,Bakpia Coklat Mete Isi 15
Bakpia Kurnia Sari,Jalan Glagahsari Nomor 91,35000,4.4,Bakpia Keju Edam Isi 15
Bakpia Kurnia Sari,Jalan Glagahsari Nomor 91,35000,4.4,Pia Choco Crunchy Isi 4
Bakpia Kurnia Sari,Jalan Glagahsari Nomor 91,35000,4.4,Paket 3 Box Bakpia Mini
Bakpia Kurnia Sari,Jalan Glagahsari Nomor 91,35000,4.4,Bakpia Oreo Isi 15
Bakpia Patuk 75,Jalan Karel Sasuit Tubun Nomor 75,35000,4.7,Bakpia Klasik isi 15
Bakpia Patuk 75,Jalan Karel Sasuit Tubun Nomor 75,35000,4.7,Bakpia Super isi 10
Bakpia Patuk 75,Jalan Karel Sasuit Tubun Nomor 75,35000,4.7,Bakpia Klasik isi 20
Bakpia Patuk 75,Jalan Karel Sasuit Tubun Nomor 75,35000,4.7,Bakpia Super isi 15
Bakpia Patuk 75,Jalan Karel Sasuit Tubun Nomor 75,35000,4.7,Pia Toegoe isi 15
Bakpia Pathok 145,Jalan Gambiran Nomor 67A,35000,4.4,Bakpia Kacang Hijau
Bakpia Pathok 145,Jalan Gambiran Nomor 67A,35000,4.4,Bakpia Kumbu Hitam
Bakpia Pathok 145,Jalan Gambiran Nomor 67A,35000,4.4,Bakpia Coklat
Bakpia Pathok 145,Jalan Gambiran Nomor 67A,35000,4.4,Bakpia Keju
Bakpia Pathok 145,Jalan Gambiran Nomor 67A,35000,4.4,Bakpia Durian
Bakpia Pathok 145,Jalan Gambiran Nomor 67A,35000,4.4,Bakpia Aneka Rasa
Bakpia Pathok 145,Jalan Gambiran Nomor 67A,35000,4.4,Wingko Babat
Bakpia Pathok 145,Jalan Gambiran Nomor 67A,35000,4.4,Yangko
Bakpia Pathok 145,Jalan Gambiran Nomor 67A,35000,4.4,Ampyang Jahe
Bakpia Pathok 145,Jalan Gambiran Nomor 67A,35000,4.4,Gula Kelapa Muda 
Bakpiaku,Jalan Gajah Mada Nomor 60,35000,4.5,Bakpiaku Kumbu Hitam
Bakpiaku,Jalan Gajah Mada Nomor 60,35000,4.5,Bakpiaku Durian
Bakpiaku,Jalan Gajah Mada Nomor 60,35000,4.5,Bakpiaku Cappucino
Bakpiaku,Jalan Gajah Mada Nomor 60,35000,4.5,Bakpiaku Susu
Bakpiaku,Jalan Gajah Mada Nomor 60,35000,4.5,Bakpiaku Green Tea
Bakpiaku,Jalan Gajah Mada Nomor 60,35000,4.5,Bakpiaku Kacang Hijau
Bakpiaku,Jalan Gajah Mada Nomor 60,35000,4.5,Bakpiaku Coklat
Bakpiaku,Jalan Gajah Mada Nomor 60,35000,4.5,Bakpiaku Keju
Oseng Mercon Bu Narti,Jalan KH. Ahmad Dahlan Nomor 110,25000,3.8,Oseng Mercon
Oseng Mercon Bu Narti,Jalan KH. Ahmad Dahlan Nomor 110,25000,3.8,Oseng Mercon Ayam
Oseng Mercon Bu Narti,Jalan KH. Ahmad Dahlan Nomor 110,25000,3.8,Oseng Mercon Lele
Oseng Mercon Bu Narti,Jalan KH. Ahmad Dahlan Nomor 110,25000,3.8,Oseng Mercon Burung Puyuh
Oseng Mercon Bu Narti,Jalan KH. Ahmad Dahlan Nomor 110,25000,3.8,Nasi Putih
Oseng Mercon Bu Narti,Jalan KH. Ahmad Dahlan Nomor 110,25000,3.8,Es Teh
Oseng Mercon Bu Narti,Jalan KH. Ahmad Dahlan Nomor 110,25000,3.8,Es Jeruk
Oseng Mercon Bu Narti,Jalan KH. Ahmad Dahlan Nomor 110,25000,3.8,Tempe Mendoan
Oseng Mercon Bu Narti,Jalan KH. Ahmad Dahlan Nomor 110,25000,3.8,Tahu Mendoan
Oseng Mercon Bu Narti,Jalan KH. Ahmad Dahlan Nomor 110,25000,3.8,Sate Telur Puyuh
Oseng Mercon Bu Narti,Jalan KH. Ahmad Dahlan Nomor 110,25000,3.8,Ceker Mercon
Oseng Mercon Bu Narti,Jalan KH. Ahmad Dahlan Nomor 110,25000,3.8,Usus Mercon
Oseng Mercon 62,Jl. KH. Ahmad Dahlan No.62,30000,4.1,Oseng Mercon Daging Sapi
Oseng Mercon 62,Jl. KH. Ahmad Dahlan No.62,30000,4.1,Oseng Mercon Ayam
Oseng Mercon 62,Jl. KH. Ahmad Dahlan No.62,30000,4.1,Ayam Geprek Mercon
Oseng Mercon 62,Jl. KH. Ahmad Dahlan No.62,30000,4.1,Ayam Goreng
Oseng Mercon 62,Jl. KH. Ahmad Dahlan No.62,30000,4.1,Babat Bacem
Oseng Mercon Mas Toni,Jalan KH. Ahmad Dahlan Nomor 87,30000,4.2,Oseng Mercon Ayam
Oseng Mercon Mas Toni,Jalan KH. Ahmad Dahlan Nomor 87,30000,4.2,Oseng Mercon Lele
Oseng Mercon Mas Toni,Jalan KH. Ahmad Dahlan Nomor 87,30000,4.2,Oseng Mercon Nila
Oseng Mercon Mas Toni,Jalan KH. Ahmad Dahlan Nomor 87,30000,4.2,Oseng Mercon Cakalang
Oseng Mercon Mas Toni,Jalan KH. Ahmad Dahlan Nomor 87,30000,4.2,Oseng Mercon Telur Double
Oseng Mercon Mas Toni,Jalan KH. Ahmad Dahlan Nomor 87,30000,4.2,Mercon Babat Sapi
Oseng Mercon Mas Toni,Jalan KH. Ahmad Dahlan Nomor 87,30000,4.2,Mercon Paru
Oseng Mercon Mas Toni,Jalan KH. Ahmad Dahlan Nomor 87,30000,4.2,Mercon Udang
Oseng Mercon Mas Toni,Jalan KH. Ahmad Dahlan Nomor 87,30000,4.2,Oseng Mercon Ati Ampela
Oseng Mercon Mas Toni,Jalan KH. Ahmad Dahlan Nomor 87,30000,4.2,Oseng Mercon Burung Puyuh
Oseng Mercon Mas Toni,Jalan KH. Ahmad Dahlan Nomor 87,30000,4.2,Oseng Mercon Ceker
Oseng Mercon Mas Toni,Jalan KH. Ahmad Dahlan Nomor 87,30000,4.2,Nasi Goreng Mercon Babat +Telur
Oseng Mercon Mas Toni,Jalan KH. Ahmad Dahlan Nomor 87,30000,4.2,Nasi Goreng Mercon Paru
Oseng Mercon Mas Toni,Jalan KH. Ahmad Dahlan Nomor 87,30000,4.2,Nasi Goreng Udang
Oseng Mercon Mas Toni,Jalan KH. Ahmad Dahlan Nomor 87,30000,4.2,Nasi Goreng Mercon Ati + Telur
Oseng Mercon Mas Toni,Jalan KH. Ahmad Dahlan Nomor 87,30000,4.2,Nasi Goreng Mercon Udang + Telur
Oseng-oseng Mercon Mbok Sum,Jalan KH. Ahmad Dahlan Nomor 21,30000,4.2,Nasi Gudeg
Oseng-oseng Mercon Mbok Sum,Jalan KH. Ahmad Dahlan Nomor 21,30000,4.2,Nasi Putih
Oseng-oseng Mercon Mbok Sum,Jalan KH. Ahmad Dahlan Nomor 21,30000,4.2,Oseng-Oseng Mercon
Oseng-oseng Mercon Mbok Sum,Jalan KH. Ahmad Dahlan Nomor 21,30000,4.2,Ayam Dada
Oseng-oseng Mercon Mbok Sum,Jalan KH. Ahmad Dahlan Nomor 21,30000,4.2,Ayam Brutu
Oseng-oseng Mercon Mbok Sum,Jalan KH. Ahmad Dahlan Nomor 21,30000,4.2,Ayam Paha Atas
Oseng-oseng Mercon Mbok Sum,Jalan KH. Ahmad Dahlan Nomor 21,30000,4.2,Ayam Paha Bawah
Oseng-oseng Mercon Mbok Sum,Jalan KH. Ahmad Dahlan Nomor 21,30000,4.2,Ayam Kepala
Oseng-oseng Mercon Mbok Sum,Jalan KH. Ahmad Dahlan Nomor 21,30000,4.2,Ayam Sayap
Oseng-oseng Mercon Mbok Sum,Jalan KH. Ahmad Dahlan Nomor 21,30000,4.2,Ati Ampela
Oseng-oseng Mercon Mbok Sum,Jalan KH. Ahmad Dahlan Nomor 21,30000,4.2,Telur
Oseng-oseng Mercon Mbok Sum,Jalan KH. Ahmad Dahlan Nomor 21,30000,4.2,Bebek
Oseng-oseng Mercon Mbok Sum,Jalan KH. Ahmad Dahlan Nomor 21,30000,4.2,Burung Dara
Oseng-oseng Mercon Mbok Sum,Jalan KH. Ahmad Dahlan Nomor 21,30000,4.2,Kol Goreng
Oseng-oseng Mercon Mbok Sum,Jalan KH. Ahmad Dahlan Nomor 21,30000,4.2,Teh
Oseng-oseng Mercon Mbok Sum,Jalan KH. Ahmad Dahlan Nomor 21,30000,4.2,Jeruk
Oseng-oseng Mercon Mbok Sum,Jalan KH. Ahmad Dahlan Nomor 21,30000,4.2,Kopi
Oseng-oseng Mercon Mbok Sum,Jalan KH. Ahmad Dahlan Nomor 21,30000,4.2,Susu
Oseng-oseng Mercon Mbok Sum,Jalan KH. Ahmad Dahlan Nomor 21,30000,4.2,Sekoteng
Oseng-oseng Mercon Mbok Sum,Jalan KH. Ahmad Dahlan Nomor 21,30000,4.2,Jahe
Sate Klathak Mak Adi,Jalan Imogiri Timur KM 10,22000,4.5,Sate Klathak
Sate Klathak Mak Adi,Jalan Imogiri Timur KM 10,22000,4.5,Sate Biasa
Sate Klathak Mak Adi,Jalan Imogiri Timur KM 10,22000,4.5,Sate Goreng
Sate Klathak Mak Adi,Jalan Imogiri Timur KM 10,22000,4.5,Tongseng Daging
Sate Klathak Mak Adi,Jalan Imogiri Timur KM 10,22000,4.5,Tongseng Kepala
Sate Klathak Mak Adi,Jalan Imogiri Timur KM 10,22000,4.5,Tongseng Kikil
Sate Klathak Mak Adi,Jalan Imogiri Timur KM 10,22000,4.5,Tengklang Biasa
Sate Klathak Mak Adi,Jalan Imogiri Timur KM 10,22000,4.5,Tengkleng Iga
Sate Klathak Mak Adi,Jalan Imogiri Timur KM 10,22000,4.5,Gulai Jeroan
Sate Klathak Mak Adi,Jalan Imogiri Timur KM 10,22000,4.5,Gulai Tulang
Sate Klathak Mak Adi,Jalan Imogiri Timur KM 10,22000,4.5,Krenyos
Sate Klathak Mak Adi,Jalan Imogiri Timur KM 10,22000,4.5,Nasgor Kambing
Sate Klathak Mak Adi,Jalan Imogiri Timur KM 10,22000,4.5,Toseng/gulai otak
Sate Klathak Mak Adi,Jalan Imogiri Timur KM 10,22000,4.5,Jeruk Es/Panas
Sate Klathak Mak Adi,Jalan Imogiri Timur KM 10,22000,4.5,Teh Es/Panas
Sate Klathak Mak Adi,Jalan Imogiri Timur KM 10,22000,4.5,Wedang uwuh
Sate Klathak Mak Adi,Jalan Imogiri Timur KM 10,22000,4.5,Air Es
Sate Klathak Mak Adi,Jalan Imogiri Timur KM 10,22000,4.5,Nasi
Sate Klathak Pak Bari,Jalan Imogiri Timur Nomor 5,27000,4.3,Sate Klathak
Sate Klathak Pak Bari,Jalan Imogiri Timur Nomor 5,27000,4.3,Sate Biasa
Sate Klathak Pak Bari,Jalan Imogiri Timur Nomor 5,27000,4.3,Sate Goreng
Sate Klathak Pak Bari,Jalan Imogiri Timur Nomor 5,27000,4.3,Tongseng Daging
Sate Klathak Pak Bari,Jalan Imogiri Timur Nomor 5,27000,4.3,Tongseng Kepala
Sate Klathak Pak Bari,Jalan Imogiri Timur Nomor 5,27000,4.3,Tongseng Kikil
Sate Klathak Pak Bari,Jalan Imogiri Timur Nomor 5,27000,4.3,Tengklang Biasa
Sate Klathak Pak Bari,Jalan Imogiri Timur Nomor 5,27000,4.3,Tengkleng Iga
Sate Klathak Pak Bari,Jalan Imogiri Timur Nomor 5,27000,4.3,Gulai Jeroan
Sate Klathak Pak Bari,Jalan Imogiri Timur Nomor 5,27000,4.3,Gulai Tulang
Sate Klathak Pak Bari,Jalan Imogiri Timur Nomor 5,27000,4.3,Krenyos
Sate Klathak Pak Bari,Jalan Imogiri Timur Nomor 5,27000,4.3,Nasgor Kambing
Sate Klathak Pak Bari,Jalan Imogiri Timur Nomor 5,27000,4.3,Toseng/gulai otak
Sate Klathak Pak Bari,Jalan Imogiri Timur Nomor 5,27000,4.3,Jeruk Es/Panas
Sate Klathak Pak Bari,Jalan Imogiri Timur Nomor 5,27000,4.3,Teh Es/Panas
Sate Klathak Pak Bari,Jalan Imogiri Timur Nomor 5,27000,4.3,Wedang uwuh
Sate Klathak Pak Bari,Jalan Imogiri Timur Nomor 5,27000,4.3,Air Es
Sate Klathak Pak Bari,Jalan Imogiri Timur Nomor 5,27000,4.3,Nasi
"Lontong Opor Dan Sego Gurih Bu Ani, Ngaglik","Jl. Kakap VII No.9, Mladangan, Minomartani, Kec. Ngaglik, Kabupaten Sleman, Daerah Istimewa Yogyakarta 55581",15000,4.2,Sego Gurih
"Serabi Kocor Mantrigawen, Magangan Kulon","Jl. Magangan Kulon, Kraton, Yogyakarta",13000,4.6,Sego Gurih
"Serabi Kocor Mantrigawen, Magangan Kulon","Jl. Magangan Kulon, Kraton, Yogyakarta",13000,4.6,Lontong Opor
"Serabi Kocor Mantrigawen, Magangan Kulon","Jl. Magangan Kulon, Kraton, Yogyakarta",13000,4.6,Nasi Kuning
"Pecel Lanang Bu Umyatun, Gatak","Jl. Rukeman No. 74b, Kasihan, Yogyakarta",12000,4.5,Sego Gurih
"Pecel Lanang Bu Umyatun, Gatak","Jl. Rukeman No. 74b, Kasihan, Yogyakarta",12000,4.5,Ayam Bacem
"Pecel Lanang Bu Umyatun, Gatak","Jl. Rukeman No. 74b, Kasihan, Yogyakarta",12000,4.5,Kikil Petir
"Ayam Dapur Sang Juara, Sedayu","Perum Sedayu Permai, Bantul, Yogyakarta",28000,4.3,Sego Gurih
"Ayam Dapur Sang Juara, Sedayu","Perum Sedayu Permai, Bantul, Yogyakarta",28000,4.3,Ayam Bakar
"Ayam Dapur Sang Juara, Sedayu","Perum Sedayu Permai, Bantul, Yogyakarta",28000,4.3,Nutrisari
"Ramesan Ndeso, Gang Arjuna","Jl. Bantul, Gang Arjuna, Yogyakarta",9000,4.0,Sego Gurih
"Ramesan Ndeso, Gang Arjuna","Jl. Bantul, Gang Arjuna, Yogyakarta",9000,4.0,Kopi
"Ramesan Ndeso, Gang Arjuna","Jl. Bantul, Gang Arjuna, Yogyakarta",9000,4.0,Cepat Saji
"Kremesan Wong Ndeso, Perumahan Pertamina","Jl. Perumahan Pertamina, Blok I No. 14, Kalasan, Yogyakarta",22000,4.5,Wedang Jahe
"Kremesan Wong Ndeso, Perumahan Pertamina","Jl. Perumahan Pertamina, Blok I No. 14, Kalasan, Yogyakarta",22000,4.5,Sambel Ayam
"Pawone, Hartono Mall Yogyakarta","Hartono Mall, Lantai 2 No. 12 & 15, Jl. Ring Road Utara, Depok, Yogyakarta",30000,4.7,Wedang Jahe
"Pawone, Hartono Mall Yogyakarta","Hartono Mall, Lantai 2 No. 12 & 15, Jl. Ring Road Utara, Depok, Yogyakarta",30000,4.7,Sambel Teri
"Pawone, Hartono Mall Yogyakarta","Hartono Mall, Lantai 2 No. 12 & 15, Jl. Ring Road Utara, Depok, Yogyakarta",30000,4.7,Teh Panas
"Sop Buntut Bu Menuk, Kaliurang KM 7.8","Jl. Kaliurang KM 7.8, Ngaglik, Yogyakarta",25000,4.7,Wedang Jahe
"Sop Buntut Bu Menuk, Kaliurang KM 7.8","Jl. Kaliurang KM 7.8, Ngaglik, Yogyakarta",25000,4.7,Sop Buntut
"Sop Buntut Bu Menuk, Kaliurang KM 7.8","Jl. Kaliurang KM 7.8, Ngaglik, Yogyakarta",25000,4.7,Bakso
"Momogie Kitchen, Lempongsari","Jl. Lempongsari Raya Baru No 4, Ngaglik, Yogyakarta",13000,4.5,Wedang Jahe Sereh
"Momogie Kitchen, Lempongsari","Jl. Lempongsari Raya Baru No 4, Ngaglik, Yogyakarta",13000,4.5,Rice Bowl Telor
"Momogie Kitchen, Lempongsari","Jl. Lempongsari Raya Baru No 4, Ngaglik, Yogyakarta",13000,4.5,Sate Ati Ampela
"Wedang Ronde Barokah II, Depok","Jl. Anggrek Sambilegi Kidul Maguwoharjo, Depok, Yogyakarta",10000,4.7,Wedang Jahe
"Wedang Ronde Barokah II, Depok","Jl. Anggrek Sambilegi Kidul Maguwoharjo, Depok, Yogyakarta",10000,4.7,Wedang Ronde
"Wedang Ronde Barokah II, Depok","Jl. Anggrek Sambilegi Kidul Maguwoharjo, Depok, Yogyakarta",10000,4.7,Tahu Petis
"Mirota Bakery & Resto, Gondokusuman","Jl. Faridan Muridan Noto No.7, Gondokusuman, Yogyakarta",79000,4.8,Sayur Lodeh
"Mirota Bakery & Resto, Gondokusuman","Jl. Faridan Muridan Noto No.7, Gondokusuman, Yogyakarta",79000,4.8,Bakmi Goreng
"Mirota Bakery & Resto, Gondokusuman","Jl. Faridan Muridan Noto No.7, Gondokusuman, Yogyakarta",79000,4.8,Soto Ayam
"Nasi Pecel Khas Blitar Bu Iwied, Kasihan","Jl. Ambarbinangun 1 RT05/Sub 2, Kalipakis, Tirtonirmolo, Kasihan, Bantul, D.I Yogyakarta",8000,4.8,Sayur Lodeh
"Nasi Pecel Khas Blitar Bu Iwied, Kasihan","Jl. Ambarbinangun 1 RT05/Sub 2, Kalipakis, Tirtonirmolo, Kasihan, Bantul, D.I Yogyakarta",8000,4.8,Sambel Terong
"Nasi Pecel Khas Blitar Bu Iwied, Kasihan","Jl. Ambarbinangun 1 RT05/Sub 2, Kalipakis, Tirtonirmolo, Kasihan, Bantul, D.I Yogyakarta",8000,4.8,Teh Panas
Omah Kluwih,Jalan Alam Asri No 14 Area Sawah Sidokarto Kec Godean Kabupaten Sleman Daerah Istimewa Yogyakarta,13000,4.8,Sayur Lodeh
Omah Kluwih,Jalan Alam Asri No 14 Area Sawah Sidokarto Kec Godean Kabupaten Sleman Daerah Istimewa Yogyakarta,13000,4.8,Es Jeruk
Omah Kluwih,Jalan Alam Asri No 14 Area Sawah Sidokarto Kec Godean Kabupaten Sleman Daerah Istimewa Yogyakarta,13000,4.8,Tempe Mendoan
"One Stop Parking, Patangpuluhan","Jl. Patangpuluhan, Gang Gambir Sawit WB.3/227, Wirobrajan, Yogyakarta",31000,4.8,Sayur Lodeh
"One Stop Parking, Patangpuluhan","Jl. Patangpuluhan, Gang Gambir Sawit WB.3/227, Wirobrajan, Yogyakarta",31000,4.8,Aneka Nasi
"One Stop Parking, Patangpuluhan","Jl. Patangpuluhan, Gang Gambir Sawit WB.3/227, Wirobrajan, Yogyakarta",31000,4.8,Ayam & Bebek
"Pulen Kopi Ponti, Candi Sambisari","Jl. Candi Sambisari No.16 A, Kalasan, Yogyakarta",13000,4.8,Sayur Lodeh
"Pulen Kopi Ponti, Candi Sambisari","Jl. Candi Sambisari No.16 A, Kalasan, Yogyakarta",13000,4.8,Sayur Sop
"Pulen Kopi Ponti, Candi Sambisari","Jl. Candi Sambisari No.16 A, Kalasan, Yogyakarta",13000,4.8,Kopi Jahe
"Kedai Lontong Sayur Mbak Win, Ruko Pasar Telogorejo","Ruko Pasar Telogorejo, Jl. Godean Km. 5, Gamping, Yogyakarta",13000,4.6,Lontong Sayur
"Kedai Lontong Sayur Mbak Win, Ruko Pasar Telogorejo","Ruko Pasar Telogorejo, Jl. Godean Km. 5, Gamping, Yogyakarta",13000,4.6,Lontong Opor Telur
"Lontong Sayur Uda Asdi, Andong","Jl. Andong, Umbulharjo, Yogyakarta",11000,4.6,Lontong Sayur
"Lontong Sayur Uda Asdi, Andong","Jl. Andong, Umbulharjo, Yogyakarta",11000,4.6,Lontong Pecel Ayam
"Lontong Sayur Uda Asdi, Andong","Jl. Andong, Umbulharjo, Yogyakarta",11000,4.6,Tempe Goreng
"Nasi Kuning Nurul, Kricak","Jl. Magelang, Kricak Kidul, Tegalrejo, Yogyakarta",8000,4.6,Nasi Kuning
"Nasi Kuning Nurul, Kricak","Jl. Magelang, Kricak Kidul, Tegalrejo, Yogyakarta",8000,4.6,Bakwan Sayur
"Nasi Kuning Nurul, Kricak","Jl. Magelang, Kricak Kidul, Tegalrejo, Yogyakarta",8000,4.6,Telur Balado
"Lontong Sayur & Pecel Padang 2 Saudara, Pramuka","Jl. Pramuka No. 110, Umbulharjo, Yogyakarta",8000,4.5,Lontong Sayur
"Lontong Sayur & Pecel Padang 2 Saudara, Pramuka","Jl. Pramuka No. 110, Umbulharjo, Yogyakarta",8000,4.5,Bubur Sumsum
"Lontong Sayur & Pecel Padang 2 Saudara, Pramuka","Jl. Pramuka No. 110, Umbulharjo, Yogyakarta",8000,4.5,Kacang Ijo
"Bubur Ayam Sembilan Babarsari, Depok","Jl. Babarsari No 9, Depok, Sleman, Yogyakarta",10000,4.6,Sate Puyuh
"Bubur Ayam Sembilan Babarsari, Depok","Jl. Babarsari No 9, Depok, Sleman, Yogyakarta",10000,4.6,Bubur Polos
"Bubur Ayam Sembilan Babarsari, Depok","Jl. Babarsari No 9, Depok, Sleman, Yogyakarta",10000,4.6,Lontong Sayur
Rujak cingur dan Tahu tek ARJUNA,"Jln. Flamboyan, Gang Arjuna, Tambakrejo, Sariharjo, Ngaglik, Sleman, Yogyakarta",14000,4.7,Rujak Cingur
Rujak cingur dan Tahu tek ARJUNA,"Jln. Flamboyan, Gang Arjuna, Tambakrejo, Sariharjo, Ngaglik, Sleman, Yogyakarta",14000,4.7,Tahu Tek
Rujak cingur dan Tahu tek ARJUNA,"Jln. Flamboyan, Gang Arjuna, Tambakrejo, Sariharjo, Ngaglik, Sleman, Yogyakarta",14000,4.7,Peyek Rebon
"Rujak Cingur, Gado-gado Dan Tahu Tek Kedai Sumilir","Jl.Bantulan-sidoarum Godean Sleman, Yogyakarta",20000,4.7,Rujak Cingur Super Pedas
"Rujak Cingur, Gado-gado Dan Tahu Tek Kedai Sumilir","Jl.Bantulan-sidoarum Godean Sleman, Yogyakarta",20000,4.7,Lotek
"Rujak Cingur, Gado-gado Dan Tahu Tek Kedai Sumilir","Jl.Bantulan-sidoarum Godean Sleman, Yogyakarta",20000,4.7,Tahu Tek
"Rujak Cingur Surabaya Bu Thamrin, Madukismo","Jl. Madukismo No. 34, Kasihan, Yogyakarta",13000,4.7,Rujak Cingur
"Rujak Cingur Surabaya Bu Thamrin, Madukismo","Jl. Madukismo No. 34, Kasihan, Yogyakarta",13000,4.7,Lotek Bakwan
"Rujak Cingur Surabaya Bu Thamrin, Madukismo","Jl. Madukismo No. 34, Kasihan, Yogyakarta",13000,4.7,Kupat Tahu
"Sego Saduk Suroboyo, Cokro","Jl Bumijo Lor No 24-22, Jetis, Yogyakarta",25000,4.7,Rujak Cingur
"Sego Saduk Suroboyo, Cokro","Jl Bumijo Lor No 24-22, Jetis, Yogyakarta",25000,4.7,Nasi Bebek Besar
"Sego Saduk Suroboyo, Cokro","Jl Bumijo Lor No 24-22, Jetis, Yogyakarta",25000,4.7,Ayam Kampung Penyet
Mangut Lele Mbah Marto,"Jalan Parangtritis Km 7, Panggungharjo, Sewon, Bantul, Jogja",8000,4.3,Mangut Lele
Mangut Lele Mbah Marto,"Jalan Parangtritis Km 7, Panggungharjo, Sewon, Bantul, Jogja",8000,4.3,Opor Ayam
Mangut Lele Mbah Marto,"Jalan Parangtritis Km 7, Panggungharjo, Sewon, Bantul, Jogja",8000,4.3,Garang Asem
Mangut Lele Mbah Marto,"Jalan Parangtritis Km 7, Panggungharjo, Sewon, Bantul, Jogja",8000,4.3,Gudeg
Mangut Lele & Sego Pecel Yu Temu,"Desa Bangunjiwo, Kasihan, Bantul, Jogja",15000,4.5,Mangut Lele
Mangut Lele & Sego Pecel Yu Temu,"Desa Bangunjiwo, Kasihan, Bantul, Jogja",15000,4.5,Nasi Pecel
Mangut Lele Bu Is,"Jalan Imogiri Barat No 12, Turi, Sumberagung, Jetis, Bantul, Jogja",20000,4.4,Mangut Lele
Mangut Lele Bu Is,"Jalan Imogiri Barat No 12, Turi, Sumberagung, Jetis, Bantul, Jogja",20000,4.4,Tempe Gembus Goreng
Mangut Lele Bu Is,"Jalan Imogiri Barat No 12, Turi, Sumberagung, Jetis, Bantul, Jogja",20000,4.4,Tumis Cabai
Mangut Lele Bu Is,"Jalan Imogiri Barat No 12, Turi, Sumberagung, Jetis, Bantul, Jogja",20000,4.4,Sambal Petis
Mangut Eyang Uti,"Jalan Raya Kadisoka, Maguwo, Purwomartani, Kalasan, Sleman, Jogja",13000,4.5,Mangut Lele
Mangut Eyang Uti,"Jalan Raya Kadisoka, Maguwo, Purwomartani, Kalasan, Sleman, Jogja",13000,4.5,Mangut Gurame
Mangut Eyang Uti,"Jalan Raya Kadisoka, Maguwo, Purwomartani, Kalasan, Sleman, Jogja",13000,4.5,Mangut Telur Bebek
Mangut Eyang Uti,"Jalan Raya Kadisoka, Maguwo, Purwomartani, Kalasan, Sleman, Jogja",13000,4.5,Mangut Ayam Kampung
Mangut Eyang Uti,"Jalan Raya Kadisoka, Maguwo, Purwomartani, Kalasan, Sleman, Jogja",13000,4.5,Mangut Nila
Pendopo Mangut Idaman,"Jalan Pekapalan No 7, Prawirodirjan, Gondomanan, Jogja",13000,4.3,Mangut Lele
Pendopo Mangut Idaman,"Jalan Pekapalan No 7, Prawirodirjan, Gondomanan, Jogja",13000,4.3,Mangut Ikan
Pecel Senggol Beringharjo,"Jl. Pabringan No.84, Ngupasan, Gondomanan, Yogyakarta City, Special Region of Yogyakarta 55122",10000,4.5,Sego Pecel
Pecel Senggol Beringharjo,"Jl. Pabringan No.84, Ngupasan, Gondomanan, Yogyakarta City, Special Region of Yogyakarta 55122",10000,4.5,Sate
Pecel Senggol Beringharjo,"Jl. Pabringan No.84, Ngupasan, Gondomanan, Yogyakarta City, Special Region of Yogyakarta 55122",10000,4.5,Baceman
Pecel Bu Ramelan,"Jalan Laksda Adisucipto Km. 6, Nomor 2, Timur Hotel Ambarukmo, Jogja",6000,4.5,Sego Pecel
Pecel Bu Ramelan,"Jalan Laksda Adisucipto Km. 6, Nomor 2, Timur Hotel Ambarukmo, Jogja",6000,4.5,Soto
Warung SGPC Bu Wiryo,"Jalan Agro CT VIII Klebengan, Selokan Mataram, Jogja",20000,4.3,Sego Pecel
Warung SGPC Bu Wiryo,"Jalan Agro CT VIII Klebengan, Selokan Mataram, Jogja",20000,4.3,Sup
Pecel Wader Pak Bejo,"Jalan Wiroyo, Mantup, Baturetno, Banguntapan, Bantul",20000,4.5,Sego Pecel
Pecel Wader Pak Bejo,"Jalan Wiroyo, Mantup, Baturetno, Banguntapan, Bantul",20000,4.5,Ikan Wader Goreng
Pecel Wader Pak Bejo,"Jalan Wiroyo, Mantup, Baturetno, Banguntapan, Bantul",20000,4.5,Sambal Bawang
Pecel Pincuk Gumilang,"Jl. Laksda Adisucipto No.31, Ngentak, Caturtunggal, Kec. Depok, Kabupaten Sleman, Daerah Istimewa Yogyakarta 55281",15000,4.5,Sego Pecel
Pecel Pincuk Gumilang,"Jl. Laksda Adisucipto No.31, Ngentak, Caturtunggal, Kec. Depok, Kabupaten Sleman, Daerah Istimewa Yogyakarta 55281",15000,4.5,Empal
Pecel Pincuk Gumilang,"Jl. Laksda Adisucipto No.31, Ngentak, Caturtunggal, Kec. Depok, Kabupaten Sleman, Daerah Istimewa Yogyakarta 55281",15000,4.5,Tahu
Pecel Pincuk Gumilang,"Jl. Laksda Adisucipto No.31, Ngentak, Caturtunggal, Kec. Depok, Kabupaten Sleman, Daerah Istimewa Yogyakarta 55281",15000,4.5,Tempe Bacem
Ayam Goreng Mbok Berek,"Jl. Pugeran Timur No.24, Suryodiningratan, Kec. Mantrijeron, Kota Yogyakarta, Daerah Istimewa Yogyakarta 55141",80000,4.6,Ayam Kalasan
Ayam Goreng Mbok Berek,"Jl. Pugeran Timur No.24, Suryodiningratan, Kec. Mantrijeron, Kota Yogyakarta, Daerah Istimewa Yogyakarta 55141",80000,4.6,Kremesan
Ayam Goreng Mbok Berek,"Jl. Pugeran Timur No.24, Suryodiningratan, Kec. Mantrijeron, Kota Yogyakarta, Daerah Istimewa Yogyakarta 55141",80000,4.6,Lalapan
Ayam Goreng Suharti,"Jl. Laksda Adisucipto No. 208, Caturtunggal, Sleman",63000,4.5,Ayam Kalasan
Ayam Goreng Suharti,"Jl. Laksda Adisucipto No. 208, Caturtunggal, Sleman",63000,4.5,Kremesan
Ayam Goreng Suharti,"Jl. Laksda Adisucipto No. 208, Caturtunggal, Sleman",63000,4.5,Sambal
Ayam Goreng Tojoyo,"Jl. Urip Sumoharjo No. 133, Klitren, Kota Yogyakarta",35000,4.6,Ayam Kalasan
Ayam Goreng Tojoyo,"Jl. Urip Sumoharjo No. 133, Klitren, Kota Yogyakarta",35000,4.6,Jeroan
Ayam Goreng Tojoyo,"Jl. Urip Sumoharjo No. 133, Klitren, Kota Yogyakarta",35000,4.6,Sup
Ayam Goreng Ny. Suharti,"Jl. Gedong Kuning No. 187, Kotagede, Yogyakarta",125000,4.6,Ayam Goreng Kalasan
Ayam Goreng Ny. Suharti,"Jl. Gedong Kuning No. 187, Kotagede, Yogyakarta",125000,4.6,Kremesan
Ayam Goreng Ny. Suharti,"Jl. Gedong Kuning No. 187, Kotagede, Yogyakarta",125000,4.6,Sayuran
Ayam Goreng Bugisan,"Jl. Bugisan No. 42, Ngestiharjo, Bantul, Yogyakarta",26500,4.3,Ayam Goreng Kalasan
Ayam Goreng Bugisan,"Jl. Bugisan No. 42, Ngestiharjo, Bantul, Yogyakarta",26500,4.3,Nasi
Ayam Goreng Bugisan,"Jl. Bugisan No. 42, Ngestiharjo, Bantul, Yogyakarta",26500,4.3,Sambal
Tengkleng Gajah,"Jalan Kaliurang Km. 9,3, Dusun Bulurejo, Minomartani, Ngaglik, Sleman",47000,4.5,Tengkleng Gajah Kuah
Tengkleng Gajah,"Jalan Kaliurang Km. 9,3, Dusun Bulurejo, Minomartani, Ngaglik, Sleman",47000,4.5,Tengkleng Gajah Sambal Bawang
Tengkleng Gajah,"Jalan Kaliurang Km. 9,3, Dusun Bulurejo, Minomartani, Ngaglik, Sleman",47000,4.5,Tongseng
Tengkleng Gajah,"Jalan Kaliurang Km. 9,3, Dusun Bulurejo, Minomartani, Ngaglik, Sleman",47000,4.5,Sate Goreng
Tengkleng Gajah,"Jalan Kaliurang Km. 9,3, Dusun Bulurejo, Minomartani, Ngaglik, Sleman",47000,4.5,Nasi Goreng Kambing
Tengkleng Bhenjoyo,"Jl. Parangtritis No. 18-20, Brontokusuman, Yogyakarta",50000,4.5,Tengkleng Kambing
Tengkleng Bhenjoyo,"Jl. Parangtritis No. 18-20, Brontokusuman, Yogyakarta",50000,4.5,Tongseng Kambing
Tengkleng Bhenjoyo,"Jl. Parangtritis No. 18-20, Brontokusuman, Yogyakarta",50000,4.5,Sate Kambing
Soto Tengkleng Pak Marno,"Gg. Mawar No.1, Santren, Caturtunggal, Depok, Sleman",13000,4.5,Soto Tengkleng Ayam
Soto Tengkleng Pak Marno,"Gg. Mawar No.1, Santren, Caturtunggal, Depok, Sleman",13000,4.5,Soto Tengkleng Sapi
Tengkleng Solo Timoho,"Jl. Kerto No.8, Muja Muju, Yogyakarta",39000,4.4,Tengkleng
Tengkleng Solo Timoho,"Jl. Kerto No.8, Muja Muju, Yogyakarta",39000,4.4,Sate Kambing
Tengkleng Solo Timoho,"Jl. Kerto No.8, Muja Muju, Yogyakarta",39000,4.4,Nasi Goreng Kambing
Tengkleng HOHAH,"Jl. Wonosari Km 7.5, Mantup, Baturetno, Bantul",50000,4.5,Tengkleng Kambing
Tengkleng HOHAH,"Jl. Wonosari Km 7.5, Mantup, Baturetno, Bantul",50000,4.5,Sate Kambing
Tengkleng HOHAH,"Jl. Wonosari Km 7.5, Mantup, Baturetno, Bantul",50000,4.5,Tongseng
Wedang Ronde Mbah Payem,"Jalan Kauman, Ngupasan, Gondomanan, Kota Yogyakarta",7000,4.7,Wedang Ronde
Wedang Ronde Lek Dhie,"Jalan Dagen No. 7-12, Sosromenduran, Gedong Tengen, Yogyakarta",10000,4.5,Wedang Ronde dengan Roti
Wedang Ronde Lek Dhie,"Jalan Dagen No. 7-12, Sosromenduran, Gedong Tengen, Yogyakarta",10000,4.5,Kolang Kaling
Wedang Ronde Lek Dhie,"Jalan Dagen No. 7-12, Sosromenduran, Gedong Tengen, Yogyakarta",10000,4.5,Kacang Tanah
Wedang Ronde Wasis,"Jl. Kapt. Tendean, Dongkelan Utara, Jampiroso, Kec. Temanggung, Kabupaten Temanggung, Jawa Tengah 56212",8000,4.4,Wedang Ronde Khas Temanggung
Wedang Ronde Sor Ringin,"Jalan Anggakaya 1, Depan Kantor Desa Condong Catur, Yogyakarta",10000,4.6,Wedang Ronde
Wedang Ronde Sor Ringin,"Jalan Anggakaya 1, Depan Kantor Desa Condong Catur, Yogyakarta",10000,4.6,Bakmi
Wedang Ronde Pak Jumono,"Depan GOR Universitas Negeri Yogyakarta, Sleman",7000,4.3,Wedang Ronde
Parsley Bakery & Cake Shop,"Jl. Kaliurang Km 5.3, Depok, Yogyakarta",80000,4.7,Lapis Legit
Parsley Bakery & Cake Shop,"Jl. Kaliurang Km 5.3, Depok, Yogyakarta",80000,4.7,Tiger Roll
Parsley Bakery & Cake Shop,"Jl. Kaliurang Km 5.3, Depok, Yogyakarta",80000,4.7,Croissant
Melia Bakery & Cake Tempel,"Jl. Magelang Km 18, Tempel, Sleman, Yogyakarta",49000,4.0,Lapis Legit
Melia Bakery & Cake Tempel,"Jl. Magelang Km 18, Tempel, Sleman, Yogyakarta",49000,4.0,Bolen Pisang
Melia Bakery & Cake Tempel,"Jl. Magelang Km 18, Tempel, Sleman, Yogyakarta",49000,4.0,Spekuk
Marina Cake Bakery,"Jl. Godean Km 7.3, Godean, Yogyakarta",38000,3.8,Lapis Legit
Marina Cake Bakery,"Jl. Godean Km 7.3, Godean, Yogyakarta",38000,3.8,Sobek Coklat
Marina Cake Bakery,"Jl. Godean Km 7.3, Godean, Yogyakarta",38000,3.8,Roti Pizza
Lapis Sultan Jogja,"Jl. Palagan Km 7.5 No. 8A, Sleman, Yogyakarta",75000,4.7,Lapis Legit Original
Lapis Sultan Jogja,"Jl. Palagan Km 7.5 No. 8A, Sleman, Yogyakarta",75000,4.7,Lapis Legit Prune
Lapis Sultan Jogja,"Jl. Palagan Km 7.5 No. 8A, Sleman, Yogyakarta",75000,4.7,Lapis Legit Keju
Holland Bakery,"Jl. Sudirman No. 48, Yogyakarta",176000,4.5,Lapis Legit
Holland Bakery,"Jl. Sudirman No. 48, Yogyakarta",176000,4.5,Roti Tawar
Holland Bakery,"Jl. Sudirman No. 48, Yogyakarta",176000,4.5,Donat
Soto Blengong Pak Gino,"Jalan Malioboro, Yogyakarta",15000,4.6,Soto Blengong
Soto Blengong Pak Gino,"Jalan Malioboro, Yogyakarta",15000,4.6,Sate Usus
Soto Blengong Pak Gino,"Jalan Malioboro, Yogyakarta",15000,4.6,Perkedel
Soto Blengong Kadipiro,"Jl. Wates No. 33, Bantul, Yogyakarta",17000,4.7,Soto Blengong
Soto Blengong Kadipiro,"Jl. Wates No. 33, Bantul, Yogyakarta",17000,4.7,Sate Puyuh
Soto Blengong Kadipiro,"Jl. Wates No. 33, Bantul, Yogyakarta",17000,4.7,Tempe Goreng
Soto Blengong Pak Marto,"Jl. Mayor Jenderal S. Parman No. 44, Ngampilan, Yogyakarta",10000,4.5,Soto Blengong Babat
Soto Blengong Pak Marto,"Jl. Mayor Jenderal S. Parman No. 44, Ngampilan, Yogyakarta",10000,4.5,Soto Daging
Soto Blengong Mbah Karto,"Jl. Kranggan No. 2, Jetis, Yogyakarta",6000,4.4,Soto Blengong
Soto Blengong Mbah Karto,"Jl. Kranggan No. 2, Jetis, Yogyakarta",6000,4.4,Soto Daging
Soto Blengong Sawah,"Jl. Soragan No. 13, Bantul, Yogyakarta",10000,4.5,Soto Blengong Ayam
Soto Blengong Sawah,"Jl. Soragan No. 13, Bantul, Yogyakarta",10000,4.5,Soto Daging
Ayam Geprek Bu Rum,"Jl. Wulung, Papringan, Caturtunggal, Depok, Sleman, Yogyakarta",15000,4.6,Ayam Geprek
Ayam Geprek Bu Rum,"Jl. Wulung, Papringan, Caturtunggal, Depok, Sleman, Yogyakarta",15000,4.6,Nasi
Ayam Geprek Bu Rum,"Jl. Wulung, Papringan, Caturtunggal, Depok, Sleman, Yogyakarta",15000,4.6,Sayur
Ayam Geprek Bu Rum,"Jl. Wulung, Papringan, Caturtunggal, Depok, Sleman, Yogyakarta",15000,4.6,Kuah Tongseng
Ayam Geprek Bu Nanik,"Jl. Wulung, Papringan, Caturtunggal, Sleman, Yogyakarta",15000,4.5,Ayam Geprek Kuah Tongseng
Ayam Geprek Bu Nanik,"Jl. Wulung, Papringan, Caturtunggal, Sleman, Yogyakarta",15000,4.5,Sayur
Ayam Geprek Bu Nanik,"Jl. Wulung, Papringan, Caturtunggal, Sleman, Yogyakarta",15000,4.5,Telur
Ayam Geprek dan Susu (Preksu),"Jl. Samironobaru No. 1C, Caturtunggal, Sleman, Yogyakarta",16000,4.3,Ayam Geprek
Ayam Geprek dan Susu (Preksu),"Jl. Samironobaru No. 1C, Caturtunggal, Sleman, Yogyakarta",16000,4.3,Topping Keju
Ayam Geprek dan Susu (Preksu),"Jl. Samironobaru No. 1C, Caturtunggal, Sleman, Yogyakarta",16000,4.3,Susu Spesial Preksu
Ayam Geprek Bu Made,"Jl. Wulung No. 26, Papringan, Caturtunggal, Depok, Sleman, Yogyakarta",15000,4.4,Ayam Geprek Sambal Terasi
Ayam Geprek Mbok Moro,"Jl. Bantul No. 31, Suryodiningratan, Mantrijeron, Yogyakarta",15000,4.5,Ayam Geprek
Ayam Geprek Mbok Moro,"Jl. Bantul No. 31, Suryodiningratan, Mantrijeron, Yogyakarta",15000,4.5,Saus Rendang
Ayam Geprek Mbok Moro,"Jl. Bantul No. 31, Suryodiningratan, Mantrijeron, Yogyakarta",15000,4.5,Saus Barbeque
Ingkung Mbah Cempluk,"Desa Wisata Santan, Pajangan, Bantul, Yogyakarta",125000,4.5,Ingkung Ayam Utuh
Ingkung Mbah Cempluk,"Desa Wisata Santan, Pajangan, Bantul, Yogyakarta",125000,4.5,Ingkung Goreng
Ingkung Mbah Cempluk,"Desa Wisata Santan, Pajangan, Bantul, Yogyakarta",125000,4.5,Wader Lombok Ijo
Ingkung Mbah Kentol,"Jl. Wonokromo, Bantul, Yogyakarta",120000,4.4,Ingkung Ayam Kukus
Ingkung Mbah Kentol,"Jl. Wonokromo, Bantul, Yogyakarta",120000,4.4,Sambal Tomat
Ingkung Sambilegi Bu Yadi,"Jl. Rambutan No. 26, Sambilegi Kidul, Sleman, Yogyakarta",110000,4.3,Ingkung Ayam Utuh
Ingkung Sambilegi Bu Yadi,"Jl. Rambutan No. 26, Sambilegi Kidul, Sleman, Yogyakarta",110000,4.3,Sambal Bawang
Ayam Ingkung Mbak Sri,"Jl. Kebon Agung Km 6, Sleman, Yogyakarta",140000,4.5,Ingkung Panggang
Ayam Ingkung Mbak Sri,"Jl. Kebon Agung Km 6, Sleman, Yogyakarta",140000,4.5,Sambal Dele
Ayam Ingkung Mbak Sri,"Jl. Kebon Agung Km 6, Sleman, Yogyakarta",140000,4.5,Sayur Asem
Kandang Ingkung,"Jl. Pakem - Turi, Sleman, Yogyakarta",149000,4.7,Ingkung Ayam
Kandang Ingkung,"Jl. Pakem - Turi, Sleman, Yogyakarta",149000,4.7,Oseng Jantung Pisang
Kandang Ingkung,"Jl. Pakem - Turi, Sleman, Yogyakarta",149000,4.7,Nasi Gurih
Sate Kambing Bu Umi,"Jl. Samas, Bambanglipuro, Yogyakarta",17000,4.7,Gulai Kambing
Sate Kambing Bu Umi,"Jl. Samas, Bambanglipuro, Yogyakarta",17000,4.7,Sate Kambing
Sate Kambing Bu Umi,"Jl. Samas, Bambanglipuro, Yogyakarta",17000,4.7,Tongseng
Sate Kambing Syafi Sidatan,"Jl. Kalidengen, Temon, Kulon Progo, Yogyakarta",18000,4.7,Gulai Kambing
Sate Kambing Syafi Sidatan,"Jl. Kalidengen, Temon, Kulon Progo, Yogyakarta",18000,4.7,Sop Kambing
Sate Kambing Syafi Sidatan,"Jl. Kalidengen, Temon, Kulon Progo, Yogyakarta",18000,4.7,Tongseng
Depot Madura 1 Cak Hasan,"Jl. Affandi No. 28, Depok, Yogyakarta",17000,4.6,Gulai Kambing
Depot Madura 1 Cak Hasan,"Jl. Affandi No. 28, Depok, Yogyakarta",17000,4.6,Sate Kambing
Depot Madura 1 Cak Hasan,"Jl. Affandi No. 28, Depok, Yogyakarta",17000,4.6,Nasi Goreng Kambing
Nasi Kapau Uda Jack,"Jl. Cendrawasih No. 32B, Mrican, Depok, Sleman, Yogyakarta",26000,4.7,Gulai Kepala Kambing
Nasi Kapau Uda Jack,"Jl. Cendrawasih No. 32B, Mrican, Depok, Sleman, Yogyakarta",26000,4.7,Nasi Kapau
Sate Klathak Pak Pong,"Jl. Imogiri Timur Km 10, Bantul, Yogyakarta",21000,4.8,Sate Klathak
Sate Klathak Pak Pong,"Jl. Imogiri Timur Km 10, Bantul, Yogyakarta",21000,4.8,Gulai Kambing
Bakso Balungan Pak Granat,"Jl. Kolonel Sugiyono No.58, Mergangsan, Yogyakarta",16000,4.6,Bakso Balungan
Bakso Balungan Pak Granat,"Jl. Kolonel Sugiyono No.58, Mergangsan, Yogyakarta",16000,4.6,Tetelan
Bakso Balungan Pak Granat,"Jl. Kolonel Sugiyono No.58, Mergangsan, Yogyakarta",16000,4.6,Mie Ayam
Bakso Balungan Pak Granat Mantrijeron,"Jl. Suryowijayan No 28, Mantrijeron, Yogyakarta",16000,4.6,Bakso Balungan
Bakso Balungan Pak Granat Mantrijeron,"Jl. Suryowijayan No 28, Mantrijeron, Yogyakarta",16000,4.6,Mie Ayam Ceker
Bakso Balungan Pak Granat Mantrijeron,"Jl. Suryowijayan No 28, Mantrijeron, Yogyakarta",16000,4.6,Bakso Goreng
Bakso Balungan Pojok Mirota,"Jl. Godean Km 6, Sleman, Yogyakarta",17000,4.5,Bakso Balungan
Bakso Balungan Pojok Mirota,"Jl. Godean Km 6, Sleman, Yogyakarta",17000,4.5,Bakso Komplit
Bakso Balungan Pojok Mirota,"Jl. Godean Km 6, Sleman, Yogyakarta",17000,4.5,Nasi
Bakso Tetelan Konco Kenthel,"Jl. Gedongkuning No. 12, Kotagede, Yogyakarta",11000,4.4,Bakso Balungan
Bakso Tetelan Konco Kenthel,"Jl. Gedongkuning No. 12, Kotagede, Yogyakarta",11000,4.4,Tetelan
Bakso Tetelan Konco Kenthel,"Jl. Gedongkuning No. 12, Kotagede, Yogyakarta",11000,4.4,Bakso Urat
Bakso Balungan Bu Citro,"Jl. Magelang Km 4,5, Sleman, Yogyakarta",15000,4.5,Bakso Balungan
Bakso Balungan Bu Citro,"Jl. Magelang Km 4,5, Sleman, Yogyakarta",15000,4.5,Mie Ayam
Bakmi Jawa Mbah Mo,"Jl. Parangtritis Km 11, Bantul, Yogyakarta",20000,4.7,Bakmi Nyemek
Bakmi Jawa Mbah Mo,"Jl. Parangtritis Km 11, Bantul, Yogyakarta",20000,4.7,Bakmi Goreng
Bakmi Jawa Mbah Mo,"Jl. Parangtritis Km 11, Bantul, Yogyakarta",20000,4.7,Bakmi Godhog
Bakmi Jawa Pak Pele,"Jalan Pojok Tenggara, Alun-Alun Kidul, Yogyakarta",20000,4.6,Bakmi Nyemek
Bakmi Jawa Pak Pele,"Jalan Pojok Tenggara, Alun-Alun Kidul, Yogyakarta",20000,4.6,Bakmi Goreng
Bakmi Jawa Pak Pele,"Jalan Pojok Tenggara, Alun-Alun Kidul, Yogyakarta",20000,4.6,Bakmi Godhog
Bakmi Jawa Mas Timbul,"Jl. Jambon No. 63, Kragilan, Sleman, Yogyakarta",19000,4.5,Bakmi Nyemek
Bakmi Jawa Mas Timbul,"Jl. Jambon No. 63, Kragilan, Sleman, Yogyakarta",19000,4.5,Nasi Goreng
Bakmi Jawa Mas Timbul,"Jl. Jambon No. 63, Kragilan, Sleman, Yogyakarta",19000,4.5,Magelangan
Bakmi Jawa Pak Rebo,"Jl. Brigjen Katamso, Keparakan, Mergangsan, Yogyakarta",20000,4.5,Bakmi Nyemek
Bakmi Jawa Pak Rebo,"Jl. Brigjen Katamso, Keparakan, Mergangsan, Yogyakarta",20000,4.5,Bakmi Godhog
Bakmi Jawa Pak Rebo,"Jl. Brigjen Katamso, Keparakan, Mergangsan, Yogyakarta",20000,4.5,Bakmi Goreng
Bakmi Jawa Pak Kadin,"Jl. Bintaran Kidul No. 6, Mergangsan, Yogyakarta",15000,4.6,Bakmi Nyemek
Bakmi Jawa Pak Kadin,"Jl. Bintaran Kidul No. 6, Mergangsan, Yogyakarta",15000,4.6,Bakmi Goreng
Bakmi Jawa Pak Kadin,"Jl. Bintaran Kidul No. 6, Mergangsan, Yogyakarta",15000,4.6,Bakmi Godhog
"Nasi Gurih Ayam Suwir Mbah Amo, Gowongan","Gowongan JT 3/381, Jetis, Yogyakarta",16000,4.7,Nasi Gurih Ayam Suwir
"Nasi Gurih Ayam Suwir Mbah Amo, Gowongan","Gowongan JT 3/381, Jetis, Yogyakarta",16000,4.7,Nasi Langgi
"Nasi Kuning Dapoer Mak Lie, Pandega Marta","Jl. Wahid Hasyim No 126, Dabag Condong Catur, Depok, Sleman, Yogyakarta",13000,4.8,Nasi Langgi
"Nasi Kuning Dapoer Mak Lie, Pandega Marta","Jl. Wahid Hasyim No 126, Dabag Condong Catur, Depok, Sleman, Yogyakarta",13000,4.8,Nasi Sate Ayam
"Nasi Kuning Dapoer Mak Lie, Pandega Marta","Jl. Wahid Hasyim No 126, Dabag Condong Catur, Depok, Sleman, Yogyakarta",13000,4.8,Juice Strawberry
"Nasi Langgi Yu Warnii, Godean","Jl. Ngapak - Kentheng Los 58, Jl. Sukirjan No.18 KM.10, Godean, Sidoagung, Godean, Sleman Regency, Special Region of Yogyakarta 55264",16000,4.6,Nasi Langgi with Jengkol Balado
"Nasi Langgi Yu Warnii, Godean","Jl. Ngapak - Kentheng Los 58, Jl. Sukirjan No.18 KM.10, Godean, Sidoagung, Godean, Sleman Regency, Special Region of Yogyakarta 55264",16000,4.6,Ayam Serundeng
"Muna Cung (Nasi Kuning), Beskalan","Jl. Beskalan, Gondomanan, Yogyakarta",25000,4.7,Nasi Langgi Babat
"Muna Cung (Nasi Kuning), Beskalan","Jl. Beskalan, Gondomanan, Yogyakarta",25000,4.7,Nasi Kuning Babat
"Muna Cung (Nasi Kuning), Beskalan","Jl. Beskalan, Gondomanan, Yogyakarta",25000,4.7,Kering Kentang
Nasi Langgi Pak Man,Jl. Pingit and multiple branches in Yogyakarta,6000,4.9,Nasi Langgi with various toppings like kering tempe
Nasi Langgi Pak Man,Jl. Pingit and multiple branches in Yogyakarta,6000,4.9,oseng jamur
Nasi Langgi Pak Man,Jl. Pingit and multiple branches in Yogyakarta,6000,4.9,oseng teri
